tweet,label
"рдЕрд▓рд┐ рдЕрд╕реНрддреА рдкреНрд░рдЪрдгреНрдбрд▓реЗ рднрдиреНрдереЗ, рдорд╛рдУрд╡рд╛рджреАрдорд╛ рдЕрдзреНрдпрдХреНрд╖рдХреЛ рд▓рд╛рдЧрд┐ рд╕рдХреНрд╖рдо рдмреНрдпрд╛рдХреНрддреА рдирд╣реБрджрд╛ рдо рджреЛрд╣реЛрд░реАрд░рд╣рдиреБ рдкрд░реЗрдХреЛ рдЫ рднрдиреЗрд░, рдЕрдирд┐ рдХрд╛рд░реНрдпрдХрд░реНрддрд╛рд▓реЗ рдЪрд╛рд╣рд┐рдБ рддрд╛рд▓рд┐рд▓реЗ рд╕реНрд╡рд╛рдЧрдд рдЧрд░реЗрдХрд╛ рдерд┐рдП, рддреНрдпрд╕реНрддреИ рдХрд╛рдВрдЧреНрд░реЗрд╕рдорд╛ рдкрдирд┐ рдкреНрд░рдордХреЛ рд▓рд╛рдЧрд┐ рд╕рдХреНрд╖рдо рдмреНрдпрдХреНрддрд┐ рдирднрдПрд░ рджреЗрдЙрд╡рд╛ рднреИрд░рд╣рдиреБ рдкрд░реЗрдХреЛ рд╣реЛ! https://t.co/gi2T8U3ci8",0
рдХреЗ рдпрд╛реЗ рджреЗрд╢рдорд╛ рдмрд┐рджреЗрд╢реАрдХрд╛реЗ рдмреБрдИ рдЪрдбреЗрд░ рдиреЗрдкрд╛рд▓ рдорд╛рдереА рдЪрдврд╛рдИ рдЧрд░реНрдиреЗ рдкреНрд░рдЪрдгреНрдб рдкрде рдХрдорд╛рдЙрдирд┐рд╖реНрдЯ рд░ рддреЗрд╕рдХрд╛реЗ рдкреНрд░рд╡рд░реНрджреНрдзрдХ рджреЗрдЙрд╡рд╛ рдХрд╛рдБрдЧреНрд░реЗрд╕рдХрд╛реЗ рдЖреИрдЪрд┐рддреНрдпрддрд╛ рд╕рдорд╛рдкреНрдд рднрдПрдХрд╛реЗ рд╣рд╛реЗ ??? рдирд┐рд░реНрд╡рд╛рдЪрдирдорд╛ рдЬрдирдЙрднрд╛рд░ рд╣реЗрд░реНрджрд╛ рддреЗрд╕реНрддреИ рджреЗрдЦрд┐рдиреНрдЫ ред,0
рдЧрдардмрдиреНрдзрдирдХреА рдЙрдореНрдореЗрджрд╡рд╛рд░рдХрд╛реЗ рдШрд░рдорд╛ рдкрд╛рд▓реЗрдХрд╛реЗ рдХреБрдХреБрд░рд▓реЗ рдЯрд╛реЗрдХреЗрдкрдЫрд┐ рдкреБрдиреНрдп рдЧрд╛реИрддрдо рдПрдорд╛рд▓реЗ рдкреНрд░рд╡реЗрд╢ !,0
@Sirjana_Singh рдиреЗрдкрд╛рд▓ рдХреЛ рдЪреБрдЪреНрдЪреЗ рдирдХреНрд╕рд╛ рд░рд╛рдЦреНрдиреЛрд╕ рдкрд╣рд┐рд▓рд╛ рдЕрдирд┐ рдХреБрд╕рд▓ рдиреЗрддреГрддреНрд╡ рдХреЛ рдХреБрд░рд╛ рдЧрд░реНрдиреБрд╣реЛрд╕,0
"Zee Hindustan рд╕реЗ рдмреЛрд▓реЗ Punjab рдХреЗ Deputy Chief Minister OP Soni- 'рдХреЗрдЬрд░реАрд╡рд╛рд▓ рдХрд░ рд░рд╣реЗ рд╣реИрдВ рдЬрдирддрд╛ рдХреЛ рдЧреБрдорд░рд╛рд╣, рдирд╣реАрдВ рдЧрд▓реЗрдЧреА рджрд╛рд▓' 

#PunjabElections2022 #Congress @OPSoni_inc @INCPunjab https://t.co/E6mS9oQnIK",0
"@ArticleOf рдЗрддрд┐рд╣рд╛рд╕рдХреИ рдирд╛рд▓рд╛рдпрдХ рдкреНрд░рдзрд╛рдирдордиреНрддреНрд░реА рднрдиреЗрдХреИ рд╢реЗрд░ рдмрд╣рд╛рджреБрд░ рджреЗрдЙрд╡рд╛ рд╣реБрди, рди рдмреЛрд▓реНрди рдЖрдЙрдБрдЫ , рди рдХрд╣рд╛рдБ  рдХрд╕рд░реА рдкреНрд░рд╕реНрддреБрдд рд╣реБрдиреЗ рдЬрд╛рдирдХрд╛рд░реА рдЫ рди рдмреЛрд▓реА рдиреИ рдмреБрдЭрд┐рдиреНрдЫ, рдпрд╕реНрддрд╛ рдмрд╛рдЯ рд╢рд╛рд╢рд┐рдд рд╣реБрдиреБ рджреБрд░реНрднрд╛рдЧреНрдп ред",0
"@kedarsubedi рдкрд░рд┐рд╡рд░реНрддрдирдХрд╛ рд╕рдореНрдмрд╛рд╣рдХ рдпреБрд╡рд╛рд▓рд╛рдИ рд░реЛрдХреНрди рдЕрдиреЗрдХреМрдБ рдкреНрд░рдкрдВрдЪ рд░рдЪреНрджреИ рдЖрдХреНрд╖реЗрдк рд▓рдЧрд╛рдЙрдиреЗрд╣рд░реВ рдЬреБрд░реНрдореБрд░рд╛рдЙрдБрджреИ рдЫрдиреНред рджрд╢рдХреМрдВ рджреЗрдЦрд┐ рджреЗрд╢рдХреЛ рд░рдЬ-рдЧрдЬрдорд╛ рд╣рд╛рд▓рд┐рдореБрд╣рд╛рд▓рд┐ рдЧрд░реНрдиреЗ рдмрд░рд┐рд╖реНрдардХреЛ рдкрдЧрдбрд┐ рднрд┐рд░реЗрдХрд╛рд╣рд░реБ рдкрд░рд┐рд╡рд░реНрддрди рджреЗрдЦрд┐ рдЕрддреНрддрд╛рд▓рд┐рдПрдХрд╛ рдЫрдиреНред рдП рдЕрд╣рдВрдХрд╛рд░реАрд╣рд░реБ! рджреЗрд╢ рдбреБрдмрд╛рдПрдХреЛ рдЬрд┐рдореНрдорд╛ рд▓реЗрдЙ рдкрд╣рд┐рд▓реЗ, рднрд╡рд┐рд╖реНрдп рдбреБрдмрд╛рдЙрди рджрд┐рдИрдВрджреИрдиред #рдЬрд╛рдЧреМрдВ_рдиреЗрдкрд╛рд▓реА",0
"рдорд╢рд╣реВрд░ рдореБрдирд╡реНрд╡рд░ рд░рд╛рдгрд╛ рдиреЗ рдлрд┐рд░ рджреЛрд╣рд░рд╛рдпрд╛ рдЕрдкрдирд╛ рдмрдпрд╛рди, рдХрд╣рд╛- 'рджреЛрдмрд╛рд░рд╛ CM рдмрдиреЗ рдпреЛрдЧреА рддреЛ рдЫреЛрдбрд╝ рджреЗрдВрдЧреЗ рдпреВрдкреА' 
#UttarPradeshElections2022 #UPElection #BJP #YogiAdityanath #MunawwarRana  
https://t.co/tNoL9eaOBE",0
"@SanjayAzadSln @ArvindKejriwal - #KumarVishwas рд╣рд╛рд╕реНрдп рдХрд╡рд┐ рд╣реИрдВ seriously рдордд рд▓реЛ

#Punjab рдХреА рдЬрдирддрд╛, рдПрдХ рдмрд╛рдд рдпрд╛рдж рд░рдЦреЛ

@BhagwantMann рд╣рд╛рд╕реНрдп рдХрд▓рд╛рдХрд╛рд░ рд╣реИрдВ рдФрд░ рд╢рд░рд╛рдмреА рднреА - рдирд╖рд╛рдореБрдХреНрддрд┐ рдХреА рдмрд╛рдд ""seriously"" рдордд рд▓реЗ рд▓реЗрдирд╛!

#PunjabElection2022 
#PunjabElections2022 
#KejriwalWithKhalistan 
#Kejriwal_With_Khalistan",0
"@NirmalPrasai5 рджреЗрдЙрд╡рд╛рд▓реЗ рдЧрдд рдЪреБрдирд╛рд╡ рдореИ рд░рд╛рдЬрд┐рдирд╛рдорд╛ рджрд┐рдиреБ рдкрд░реНрдиреЗ, рдЕрд╣рд┐рд▓реЗ рдХрд╛рдВрдЧреНрд░реЗрд╕рд┐рд╣рд░реБ рддреЗрд╕реИрдХреЛ рдирддрд┐рдЬрд╛ рднреЛрдЧреНрджреИрдЫрдиреНред рдмрд╛рд▓реЗрдирдХреЛ рд▓реЛрдХрдкреНрд░рд┐рдпрддрд╛ рднрдиреЗрдХреЛ рджрд▓рд╣рд░реБ рдкреНрд░рддрд┐рдХреЛ рдмрд┐рддреНрд░рд┐рд╖реНрдгрд╛ рд╣реЛред",0
"@CHARANJITCHANNI рдмреБрдврд╝рд╛рдкрд╛ рдкреЗрдВрд╢рди рдХреЗ рд╕рд╛рде рдЬреЛ рдЖрдкрдиреЗ рдмреБрдЬреБрд░реНрдЧ рд▓реЛрдЧреЛ рдХреЛ 1000 рджреЗрдиреЗ рдХрд╛ рдРрд▓рд╛рди рдХрд┐рдпрд╛ рдерд╛ рдЙрд╕рдХрд╛ рдХреНрдпрд╛ рдмрдирд╛ 
@RahulGandhi рддреБрдиреНрд╣рд╛рд░рд╛ cm рддреЛ рдПрд▓рд╛рдирдЬреАрд╡реА рдирд┐рдХрд▓рд╛ рд╕рдЪ рдореЗрдВ 
#PunjabElections2022",0
"@Online_khabar рджреЗрдЙрд╡рд╛ рд▓рд╛рдИ рдкреНрд░.рдо. рд░ рддрдкрд╛рдИрд▓рд╛рдИ рд░рд╛.рдк. рдХреЛ рдЖрд╢реНрд╡рд╛рд╕рди рджрд┐рдПрд░ рдкреНрд░рдЪрдгреНрдб рдЕрдШреЛрд╖рд┐рдд рд╕рднрд╛рдкрддрд┐ рднрдПрд░ рдиреЗрдХрд╛ рдЪрд▓рд╛рдПрдХреИ рдЫ ред рд╕реНрдорд░рдг  рд░рд╣реЛрд╕, рдПрдорд╛рд▓реЗ рдкрд╛рд░реНрдЯреА рдХрдмреНрдЬрд╛ рдЧрд░реНрдиреЗ рдПрдХрдорд╛рддреНрд░ рдЙрджреЗрд╢реНрдп рд▓рд┐рдПрдХреЛ рдЙрдирд▓реЗ рдЕрд╣рд┐рд▓реЗ рдиреЗрдХрд╛рдорд╛ рд░рдЬрдЧрдЬ рдЧрд░реЗрдХреИ рдЫ ред рдкрд╛рд░реНрдЯреА рдкрдВрдХреНрддрд┐ рдзреНрд╡рд╕реНрдд рдЧрд░реНрдиреЗ рд░ рдЖрдлреНрдиреЛ рд▓рд╛рднрдХреЛ рд▓рд╛рдЧрд┐ рдЬреЗ рдкрдирд┐ рдЧрд░реНрдиреЗ рджрд╛рд╣рд╛рд▓ рд░ рддрдкрд╛рдИрдВрд╣рд░реБрдорд╛ рдХреЗрд╣реА рднрд┐рдиреНрдирддрд╛ рдЫреИрди ред",0
"рел % рднрдиреНрджрд╛ рдмрдбреА рдордд рдмрджрд░ рднрдпреЛ рднрдиреЗ рдирд┐рд░реНрд╡рд╛рдЪрди рдЖрдпреЛрдЧрдХрд╛ рдкреНрд░рдореБрдЦ рдЖрдпреБрдХреНрдд рд░ рд╕рд░рдХрд╛рд░ рдЬрд╡рд╛рдлрджреЗрд╣реА рд╣реБрдиреЗрдЫрди ред рдЗрднреЛрдЯрд┐рдЩ рдпреЛ рднрдиреНрджрд╛ рд╕рд╕реНрддреЛ рдХрдо рдЭрдгреНрдЭрдЯрд┐рд▓реЛ рд╣реБрдиреНрдереНрдпреЛ ред рд╕рдВрднрд╡ рднрдПрдХреЛ рдХреНрд╖реЗрддреНрд░рдорд╛ рдХрд┐рди рд▓рд╛рдЧреБ рдЧрд░рд┐рдПрди @ECNepal ? 

Cc :@PM_nepal_ https://t.co/5uMawLvzNS",0
"#PunjabElections2022 : рдкрд╣рд▓реЗ рд╕рд░рдХрд╛рд░ рдХреЛ рдХрдардкреБрддрд▓реА рдХрд╣рдиреЗ рд╡рд╛рд▓реЗ рдЕрдм рдЦреБрдж рджреЗрдиреЗ рд▓рдЧреЗ рдЙрджреНрдпреЛрдЧрдкрддрд┐рдпреЛрдВ рдХреЛ рдЯрд┐рдХрдЯ !

https://t.co/kQEOtTVAf6

#IndiaAheadHindi #Industrialists #SanyuktSamajMorcha #AssemblyElections2022",0
рд╣рд┐рдЬреЛрдЖрдЬ рд╕рд╛рдорд╛рдЬрд┐рдХ рд╕рдЮреНрдЬрд╛рд▓рдорд╛ рджреЗрдЙрд╡рд╛ рд░ рдУрд▓реАрдХрд╛ рдЭрдбреНрдХреЗрд▓рд╛ рд░ рдирд╛рдЬрд╛рдпрдЬ рд╕рдиреНрддрд╛рдирд╣рд░реБ рдереБрдкреНрд░реЛ рджреЗрдЦрд╛ рдкрд░реНрди рдерд╛рд▓реЗред рдмреБрдврд╛рд╣рд░реБрд▓реЗ рдмреАрдЙ рдкрдирд┐ рдХрддрд╛ рдХрддрд╛ рдорд╛рддреНрд░ рд░реЛрдкреЗрдХрд╛ред рд╕рдЮреНрдЬрд╛рд▓рдорд╛ рд╣реЗрд░реНтАНрдпреЛ рд╕рдпреМрдВ рд░рдЫрдиред рдмрд╛рд╣рд┐рд░ рдХрддрд┐ рд╣реЛрд▓рд╛рди рдпрд╕реНрддрд╛ рдирд╛рдЬрд╛рдпрдЬрд╣рд░реБред,0
"@AcharyaSarmila рджрдо рдЫ рд░реНрдпрд╛рд▓реЗрдХрд╛ рд╕рдиреНрддрд╛рдирд╣рд░реБ рдмреЛрд▓реНрди?
рддрд┐рдореАрд╣рд░реБрдмрд╛рдЯ рдЕрд╛рд╢рд╛ рдЧрд░реНрдиреБ рдмреЗрдХрд╛рд░ рдЫ!
рдПрд╕рдПрд╕рдмрд┐рд▓реЗ рддреБрдИрди рдХрд╛рдЯреЗрд░ рдорд╛рдиреНрдЫреЗ рдорд╛рд░реНрджрд╛ рдмреЛрд▓реЗрдиреМ ,рдЕрд╣рд┐рд▓реЗ рдвреБрдЩрдЧрд╛ рд╡рд┐рд╕реНрдлреЛрдЯ рдЧрд░рд╛рдИ рдорд╛рдиреНрдЫреЗ рдорд╛рд░реНрджрд╛ рдмреЛрд▓реНрджреИрдиреМ,рдпреЛ рднрд╛рд░рддрд┐рдп рдХрдореНрдлрдЯреНрд░реЗрдмрд▓ рд╕рд░рдХрд╛рд░рд▓рд╛рдИ рдЬрдирддрд╛рд▓реЗ рд╕рд╛рдл рдЧрд░реНрдиреБрдкрд░реНрдЫ рдпрд╕рдкрдЯрдХ !#NoNotAgain #рдордЩрд╕рд┐рд░рек",0
@ekantipur_com рджреЗрдЙрд╡рд╛ рд╡рдЪрди рдХреЛ рдкрд╛рдХрдХрд╛ рдЫрдиреН рдЧреБрди рддрд┐рд░реНрди рдЦрд░рд╛рдиреА рдЪрд╛рд╣рд┐рдпреЛ рднрдиреЗ рдЖрдлреНрдиреИ рдШрд░ рдЖрдЧреЛ рд▓рдЧрд╛рдИрджрд┐рдиреНрдЫрдиреН,0
"@news24tvchannel @jayantrld рдХреНрдпрд╛ @jayantrld рдХреЗ рд╕рд╛рде рдЕрдорд┐рдд рд╢рд╛рд╣ рдЬреА рд▓реБрдЪреНрдЪреА рд▓реБрдЪреНрдЪреА рдмрд╛рддреЗрдВ рдХрд░рддреЗ рдереЗ?ЁЯШБЁЯШВ
рдпрд╛ рд╕рд┐рд░реНрдл рдЬрдирддрд╛ рдХрд╛ рдордиреЛрд░рдВрдЬрди рдХрд░рдиреЗ рдХреЗ рд▓рд┐рдП рдРрд╕реА рдЕрд░реНрдирдЧрд▓ рдмрд╛рддреЗрдВ рдХрд╣ рд░рд╣реЗ рд╣реИрдВ!!
#Elections2022 
#UttarPradeshElections2022",0
"рдкреНрд░рдЬреНрдЮрд╛ рдард╛рдХреБрд░ рдХреА рддрд░рд╣ рдкрд╛рд░реНрд▓рд┐рдпрд╛рдореЗрдВрдЯ рдирд╣реАрдВ рднреЗрдЬрд╛,
#YatiNarsinghanand ,рдкреВрдЬрд╛ рдкрд╛рдгреНрдбреЗ рдХреА рддрд░рд╣ рдЧрд▓реЗ рдирд╣реА рд▓рдЧрд╛рдП,рдирд░рд╕рдВрд╣рд╛рд░ рдХрд░рдиреЗ рд╡рд╛рд▓реЗ рдХреЗ рдкрд┐рддрд╛ рдХреЛ рдЧреГрд╣ рд░рд╛рдЬреНрдпрдордиреНрддреНрд░реА рдирд╣реА рдмрдирд╛рдпрд╛ред @SupriyaShrinate 
#UttarakhandElections2022 
https://t.co/lriwdkVlZW",0
рдЧрдардмрдиреНрдзрди рднрдиреЗрдХреЛ рд░рд╛рдЬрдиреАрддрд┐рдХ рд╕рд┐рдиреНрдбрд┐рдЧреЗрдЯ рд╣реЛред рд░рд╛рд╖реНрдЯреНрд░рдХреЛ рдвреБрдХреБрдЯреА рд▓реБрдЯреНрди рдЧрдардмрдиреНрдзрди рдЧрд░рд┐рдПрдХреЛ рдкреНрд░рд╖реНрдЯ рдЫред рдЧрдардмрдиреНрдзрдирдорд╛ рдирд╛рддрд╛рд╡рд╛рдж рд╣реЗрд░реНрдиреБрд╣реЛрд╕реН рддред рдкреНрд░рдЪрдгреНрдбрдХреЛ рдирд╛рддрд╛рдЧреЛрддрд╛ рд╣реЗрд░реНрдиреБрд╣реЛрд╕реН рд╕рд░рдХрд╛рд░реА рд╕реБрдмрд┐рдзрд╛ рд▓рд┐рдиреЗ рдХрддрд┐ рдЫрдиреНред рд╕рд┐рдиреНрдбрд┐рдЧреЗрдЯ рдЯреЛрдбреМред рдиреЗрдХрдкрд╛ рдПрдорд╛рд▓реЗрдХреЛ ЁЯМЮ рдорд╛ рднреЛрдЯ рд╣рд╛рд▓реМред,0
"рджреЗрдЙрд╡рд╛ рд╡рдЪрдирдХреЛ рдкрдХреНрдХрд╛ рдЫрдиреН рдЧреБрди рддрд┐рд░реНрди рдЦрд░рд╛рдиреА рдЪрд╛рд╣рд┐рдпреЛ рднрдиреЗ рдЖрдлреНрдиреИ рдШрд░ рдЖрдЧреЛ рд▓рдЧрд╛рдИрджрд┐рдиреНрдЫрдиреНред
рдХрд╛рд▓реЛ рдХрд╛рдЩреНрдЧреНрд░реЗрд╕ редЁЯШмЁЯШм https://t.co/8iYrHRa1rp",0
рдиреЗрдкрд╛рд▓рдХреЛ рд╡рд░реНрддрдорд╛рди рд╕рдВрд╡рд┐рдзрд╛рди рдЕрдиреБрд╕рд╛рд░ рд╕рдВрд╕рдж рднрдВрдЧ рд╣реБрди рд╕рдХреНрджреИрди рднрдиреНрдиреЗ рдорд╛рдиреНрдпрддрд╛ рдЕрдиреБрд╕рд╛рд░ рдкрд░рдорд╛рджреЗрд╢реА рдкреНрд░рдо рдмрдиреЗрдХрд╛ рджреЗрдЙрд╡рд╛ рднрдиреНрдЫрдиреН рдУрд▓реАрд▓реЗ рдЬрд┐рддреЗ рд╕реНрдерд╛рдиреАрдп рд╕рд░рдХрд╛рд░ рднрдВрдЧ рдЧрд░рд┐рджрд┐рдиреНрдЫрдиреНредрдпреЛ рдХрд╕реНрддреЛ рддреЛрд░реАрд▓рд╛рдЙрд░реЗ рддрд░реНрдХ рд╣реЛ?рд╕реНрдерд╛рдиреАрдп рд╕рд░рдХрд╛рд░ рдЖрдлреНрдиреЛ рдХрд╛рд░реНрдпрдХрд╛рд▓ рдкреБрд░рд╛ рдирдЧрд░реА рдХреБрдиреИ рдкрдирд┐ рд╣рд╛рд▓рддрдорд╛ рднрдВрдЧ рд╣реБрдБрджреИрди рднрдиреНрдиреЗ рдирдмреБрдЭреНрдиреЗ рд╡реНрдпрдХреНрддрд┐ рдпреЛ рджреЗрд╢рдХреЛ рдкреНрд░рдо?,0
"рдХрд╛рдЩреНрдЧреНрд░реЗрд╕рдХрд╛ рдЙрдореЗрджреНрд╡рд╛рд░рд╣рд░реБ рд▓рд╛рдИ рдпрд╕рдХрд╛рд░рдг рднреЛрдЯ рдирд╣рд╛рд▓реНрдиреЗ
@thapagk @SherBDeuba 
тАШрдЬреНрдпрд╛рди рдорд╛рд░реНрдиреЗ рдЙрджреНрдпреЛрдЧтАЩрдХреЛ рдореБрджреНрджрд╛ рдлрд┐рд░реНрддрд╛ рд▓рд┐рди рдХрд╛рдБрдЧреНрд░реЗрд╕ рдиреЗрддрд╛рд╣рд░реВрдХреЛ рджреМрдбрдзреБрдк https://t.co/TPykUn6Tiu",0
"Dev_Fadnavis: рдХреЗрдЬрд░реАрд╡рд╛рд▓ рдЬреА рдЬреЛ рд╕реНрдХреАрдо рдмрддрд╛ рд░рд╣реЗрдВ рд╣реИ,
рд╡рд╣ рддреЛ рдкрд╣рд▓реЗ рд╕реЗ рд╣реА рдЧреЛрд╡рд╛ рдореЗрдВ рд╣реИ ! 
рдЙрдирдХрд╛ рдЕрд╕рд▓реА рдЪреЗрд╣рд░рд╛ рджрд┐рд▓реНрд▓реА рд╡рд╛рд▓реЛрдВ рдХреЛ рдкрддрд╛ рд╣реИтАж
рдЗрдВрдбрд┐рдпрд╛ рдЯреАрд╡реА рд╕реЗ рдмрд╛рддрдЪреАрдд ЁЯСЗЁЯП╗
https://t.co/ltVNxIxQyW
@indiatvnews 
#Goa #Maharashtra #GoaElections2022",0
"#PunjabElections2022 : рддрд┐рд░рдВрдЧрд╛ рдпрд╛рддреНрд░рд╛ рдореЗрдВ рдЖрдП рдЕрд░рд╡рд┐рдВрдж рдХреЗрдЬрд░реАрд╡рд╛рд▓, рд╣рд░рд╕рд┐рдорд░рдд рдХреМрд░ рдиреЗ рдХрд╣рд╛- рдЪреБрдирд╛рд╡ рдореЗрдВ рдЭреВрда рд╡рд╛рджреЗ рдХрд░рдиреЗ рдЖрдП рд╣реЛ 
 #Punjab #Tiranga_Sankalp_Yatra #ArvindKejriwal #Delhi #AAP #HarsimratKaur #ShiromaniAkaliDal
https://t.co/jHURssT2nU",0
"рдореНрдпрд╛рдбрдо рдХреЛрдорд▓ рдУрд▓реА, рддрдкрд╛рдИрдВрдХреЛ рдореБрдЦрд▓реЗ рдЧрдгреЗрд╢рдорд╛рди рд╕рд┐рдВрд╣рдХреЛ рдирд╛рдо рд▓рд┐рдПрдХреЛ рд╕реБрд╣рд╛рдПрди! рдХрд╣рд╛рдБ рддрдкрд╛рдИрдВ рдкрджрдХреЛ рд▓рд╛рд▓рд╕рд╛рдорд╛ рдЪреБрд▓реЛрдЪреМрдХреЛ рдЪрд╣рд╛рд░реНрдиреЗ рдмрд╛рдиреА, рдХрд╣рд╛рдБ рдЧрдгреЗрд╢рдорд╛рди рд╕рд┐рдВрд╣ рдкреНрд░рдзрд╛рдирдордиреНрддреНрд░реА рдкрдж рддреНрдпрд╛рдЧреЗрдХрд╛ рдорд╛рдирд┐рд╕! рдЙрд╣рд╛рдБрдХреЛ рд╕рдиреНрддрд╛рдирд▓реЗ рдХрд╣рд┐рд▓реНрдпреИ рдореБрд▓ рд╡рд┐рдЪрд╛рд░ рдкрд░рд┐рд╡рд░реНрддрди рдЧрд░реЗрдХрд╛ рдЫреИрдирдиреН, рддрдкрд╛рдИрд▓реЗ рд░рд╛рдкреНрд░рдкрд╛ рдмрд╛рдЯ рдПрдорд╛рд▓реЗрдорд╛ рдЬрдореНрдк рд╣рд╛рдиреНрдпрд╛ рдЬрд╕рд░реА!",0
@KantipurTVHD @DilBhusanPathak @ArunBaral1 @MumaRamKhanal @Bishnusapkota @PdlChiran @rameshdhamala4 @Ujjwal_999 рдореБрдорд╛рд░рд╛рдо рдЦрдирд╛рд▓ рдЬрд╕реНрддрд╛ рджрд╣рд┐рдЪреБрд░реЗ рд░ рдвреЛрдВрдЧреАрдХреЛ рдЗрдиреНрдЯрд░рднреНрдпреБрд▓рд╛рдИ рдиреА рдЕрдм #nonotagain  рднрдиреНрдиреЗ рджрд┐рди рдЖрдпреЛ!!!,0
рдЪреБрдирд╛рд╡ рд╕рдореНрдо рднрдП рдкрдирд┐ рдЖрд░реНрдЬреБ рдореЗрдбрдордХреЛ рдореБрдЦрд╛ рдЯреЗрдк рдЯрд╛рд╕реНрджрд┐рди рдкрд░реНрдиреЗ рджреЗрдЦрд┐рдпреЛ ЁЯША#NoNotAgain,0
"рд░рд╛рдЬрд╛рдХреЛ рдЫреЛрд░рд╛ рд░рд╛рдЬрд╛ рднрдпреЛ рднрдиреЗрд░ рдЧрдгрддрдиреНрддреНрд░ рд▓реНрдпрд╛рдЙрдиреЗрд╣рд░реБрдХреЛ рдЕрд╣рд┐рд▓реЗ рдЫреЛрд░реА, рдЫреЛрд░рд╛, рд╕реНрд╡рд╛рд╕реНрдиреАрд▓рд╛рдИ рдкрдж рджрд┐рд▓рд╛рдЙрди рд╣рджреИ рд╕рдореНрдо рдЧрд┐рд░реНрджреИ рдЫрдиреН рдпрд╕реНрддрд╛ рджрд▓рд╛рд▓рд╣рд░реБрд▓рд╛рдИ рдирд╣рд░рд╛рдИ рд╣реБрдиреНрди ред
рдиреЗрдкрд╛рд▓реА рдЬрдирддрд╛рд▓рд╛рдИ рд╣реЗрдкреЗрд░ рдЬрд╣рд╛рдиреАрдпрд╛ рд╢рд╛рд╕рди рдЪрд▓рд╛рдЙрди рдХреИрд▓реЗрд╕рдореНрдо рджрд┐рдиреЗ? ЁЯШб",0
"@KanakManiDixit рдкреБрд░реИ рд▓реЗрдЦ рдкрдвреНрджрд╛ рдЕрд░реВрд▓реЗ рдХреЗ рдмреБрдЭреЗ рдорд▓рд╛рдИ рдерд╛рд╣рд╛ рднрдПрди рддрд░ рдореЗрд░реЛ рд╕рд╛рдзрд╛рд░рдг рдорд╕реНрддрд┐рд╖реНрдХрд▓реЗ рдмреБрдЭреНрджрд╛ рдпреЛ рд▓реЗрдЦ рдЖрд░рдЬреБрдХреЛ рддрд╛рд░рд┐рдл рд░ рдЪрдореНрдЪрд╛ рдЧрд┐рд░реА рдЬрд╕реНрддреЛ рдорд╛рддреНрд░ рд▓рд╛рдЧреНрдпреЛ.
рдХрдирдХ рд╕рд░ рдкрдирд┐ рдиреЗрдкрд╛рд▓реА рдИрддрд┐рд╣рд╛рд╕рдорд╛ рдПрдЙрдЯрд╛ рдЧрдирд╛рдЙрдиреЗ рдкрд╛рддреНрд░реИ рд╣реБрдиреН,
рдпрд╕рдкрд╛рд▓реА рдЖрд░рдЬреБ рдорд╛рддреНрд░ рд╣реИрди рдкреБрд░реИ рд╢рд┐рд░реНрд╖ рдиреЗрддрд╛рд╣рд░реВрд▓рд╛рдИ рдкрд╛рдЦрд╛ рд▓рдЧрд╛рдЙрдиреЗ рд╣реЛ .
рдХрд┐рдирдХреА .
#EnoughIsEnough 
#nonotagain https://t.co/AfcvQtCoEi",0
"рднрд╛рдЬрдкрд╛ рд╣рд╛рд░реЗрдЧреА рддреЛ рдирдлрд░рдд рд╣рд╛рд░реЗрдЧреА рдФрд░ рдирдлрд░рдд рд╣рд╛рд░реЗрдЧреА рддреЛ рджреЗрд╢ рдЬреАрддреЗрдЧрд╛ред

рднрд╛рдЬрдкрд╛ рдХреЛ рд╣рд░рд╛рдирд╛ рд╣реИ, рдирдлрд░рдд рдХреЛ рдорд┐рдЯрд╛рдирд╛ рд╣реИ, рджреЗрд╢ рдмрдЪрд╛рдирд╛ рд╣реИред
#Elections2022 
#UttarPradeshElection2022 
#Uttrakhand #manipurelection2022 #Goa #PunjabElections2022",1
"рджрд┐рд▓реНрд▓реА рд╕реЗ рдкрдВрдЬрд╛рдм рдкрд╣реБрдВрдЪреЗ AAP рдХреЗ рдардЧреЛрдВ рдХреЛ рдкрдВрдЬрд╛рдм рдХреА рдЬрд╛рдЧрд░реВрдХ рдЬрдирддрд╛ рдиреЗ рдЖрдИрдирд╛ рджрд┐рдЦрд╛рдирд╛ рд╢реБрд░реВ рдХрд░ рджрд┐рдпрд╛ рд╣реИ: @LambaAlka

#PunjabElections2022 #ArvindKejriwal https://t.co/uVSKlPcvS0",1
рдЪреБрдирд╛рд╡ рдкреНрд░рдЪрд╛рд░ рдХреЛ рдирд╛рдЙрдБрдорд╛ рдЕрдЯреЛ рд░рд┐рдХреНрд╕рд╛рдорд╛  рд▓рд╛рдЙрдб рд╕реНрдкрд┐рдХрд░ рд▓рд╛рдпрд░ рдмреНрдпрд╛рди рдмреНрдпрд╛рдиреИ рдЧрд▓реНрд▓рд┐ рдЧрд▓реНрд▓реАрдорд╛  рдореИрдкрдиреА рдПрдорд╛рд▓реЗ рднрдиреНрджреИ рд╣рд┐рдбрджрд╛ рдЬрдирддрд╛рдХреЛ рд╕реБрддреНрди рдкрд╛рдЙрдиреЗ рдЕрдзрд┐рдХрд╛рд░ рд╣рдирди рд╣реБрдиреНрдЫ рдХрд┐ рд╣реБрдиреНрди?? рддреЗрд░реЛ рдард╛рдбреЛрд▓реЗ рд╕реБрддреНрдиреИ рджрд┐рдпрди!!,1
"@msapkota00043 @Nepali_Daughter @Alive_Aleeza @jyotdthapa рдХрд╛рдБрдЧреНрд░реЗрд╕ рддреЛрд░реА рднрдПрдкрдирд┐, рдореБрд▓рд╛ рднрдПрдкрдирд┐ рдпрд╛ рд░рд╛рдпреЛ рднрдПрдкрдирд┐ рдХреЗрдкреАрдХрд╛ рд╕реНрдпрд╛рд▓рд╣рд░реБрдХреЛ рдЪрд┐рддреНрдд рдХрд┐рди рджреБрдЦреНрдиреБ рдкрд░реНрдпреЛ?
рдирдпрд╛рдБ рдмреНрдпрдмрд╕реНрдерд╛рд▓рд╛рдИ рдЖрддреНрдорд╕рд╛рде рдирдЧрд░реА рд╕рддреНрддрд╛рдорд╛ рдмрд╕реЗрд░ рдЬрдирдЕрдзрд┐рдХрд╛рд░рдХреЛ рдХрдЯреМрддрд┐ рддрд┐рд░ рдХрд╕рд░рдд рдЧрд░реНрдиреЗ рдирдХреНрдХрд▓реА рдХрдореНрдпреБрдирд┐рд╖реНрдЯ рдПрдорд╛рд▓реЗ рднрдиреНрджрд╛ рдХрд╛рдБрдЧреНрд░реЗрд╕ рдПрдХ рдХрджрдо рдЕрдЧрд╛рдбрд┐ рдмрдвреЗрд░ рд╕рдВрдШрд┐рдп рд▓реЛрдХрддрд╛рдиреНрддреНрд░рд┐рдХ рдЧрдгрддрдиреНрддреНрд░рд▓рд╛рдИ рд╕рдВрд╕реНрдерд╛рдЧрдд рдЧрд░реНрди рд▓рд╛рдЧрд┐рдкрд░реЗрдХреЛ рдЫред",1
рдкреЛрд╕реНрдЯрд▓ рдмреИрд▓рдЯ рддреБрд░реВрдк рдХрд╛ рдЗрдХреНрдХрд╛ рд╕рд╛рдмрд┐рдд рд╣реЛ рд░рд╣реЗрдВ рд╣реИрдВ рднрд╛рдЬрдкрд╛ рдХреЗ рд▓рд┐рдП... рдЬреЛ рд╡реЛрдЯ рдирд╣реАрдВ рднреА рдХрд░ рд░рд╣реЗ рд╣реИрдВ рдЙрдирдХреЗ рд╡реЛрдЯ рд╕реНрд╡рдд: рд╣реА рдкрдбрд╝ рд░рд╣реЗрдВ рд╣реИрдВ ЁЯУе  @SupremeCourtIND @barandbench @barandbench @barcouncilindia @LiveLawIndia  #UttarPradeshElections #UttarakhandElections2022 #GoaElections2022 #PunjabElections,1
"рдХрд╛рдВрдЧреНрд░реЗрд╕реА рдЦрдбрд╝реЗ рд╣реИрдВ рдмрд╛рдЬрд╝рд╛рд░ рдореЗрдВ
рд╡реЛрдЯрд░ рдЦрдбрд╝реЗ рд╣реИрдВ рд▓рдВрдмреА рд▓рд╛рдЗрди рдореЗрдВ 

Goans
рдХреНрдпрд╛ рдлрд┐рд░рд╕реЗ рдмреЗрд╡рдХреВрдл рдмрдиреЗрдВрдЧреЗ ?

#GoaElections2022 

.@AAPGoa 
.@AmitPalekar10 https://t.co/HqRSSZbMX6",1
"@55Kthm рдпрд┐рдиреА рд╣рд░реБрдХреЛ рдкрд╛рд░реНрдЯреА рдХреЛ рдЬрдиреНрдо рдиреИрдВ рднрд╛рд░рддрдорд╛ рднрдПрдХреЛ рд╣реЛ, рдЧреБрди рддрд┐рд░реНрджреИ рдЫрдиреН  рд╣реБрди рдд рдЕрд░реБ рдкрд╛рд░реНрдЯреАрдХреЛ рдЬрдиреНрдо рдкрдирд┐ рдЪрд┐рди рд░ рд╕реЛрд╡рд┐рдпрдд рд╕рдВрдШрдорд╛ рднрдПрдХреЛ рдерд┐рдпреЛ рднрд╛рдИ рд░рд╛рдЬрд╛ЁЯШН рджреЗрд╢ рдЬрдирддрд╛ рдпреБрд╡рд╛рдХреЛ рд╣рд╛рд▓рд╛рдд рджреЗрдЦреЗрд░ рдорди рднрд╛рд░реА рд╣реБрдиреНрдЫ, рддрд░ рдЧрд░реНрдиреЗ рдХреЗ? рдХрд┐ рдд рд╢реНрд░реАрд▓рдВрдХрд╛ рдХрд╛ рдЬрдирддрд╛рдХреЛ рд╕рд┐рдХреЛ рдЧрд░реНрди рд╕рдХреНрдиреБ рдкрд░реНрдпреЛ рд╣рд╛рдореА рдиреЗрдкрд╛рд▓реА рд▓реЗ !",1
"рдЙрддреНрддрд░ рдкреНрд░рджреЗрд╢,рдЧреЛрд╡рд╛,рдЙрддреНрддрд░рд╛рдЦрдВрдб, рдордгрд┐рдкреБрд░,рдХреЗ рд╕рд╛рде рдкрдВрдЬрд╛рдм рднреА рд╣рд╛рд░ рд░рд╣реА рд╣реИ рднрд╛рдЬрдкрд╛,  рднрд╛рдЬрдкрд╛ рдиреЗрддреГрддреНрд╡ рдмреМрдЦрд▓рд╛ рдХреЗ рдЙрд▓реНрдЯреА рд╕реАрдзреА рд╣рд░рдХрдд рдХрд░рдиреЗ рд▓рдЧрд╛редрд╡рд┐рдкрд░реАрдд рджрд┐рд╢рд╛ рдореЗрдВ рд╣рд╛рде рдкреИрд░ рдорд╛рд░рдирд╛ рд╡реНрдпрд░реНрде рд╣реИред
#рдЕрдЦрд┐рд▓реЗрд╢_рдЖ_рд░рд╣реЗ_рд╣реИрдВ #channi #uttrakhandwithcongress #GoaElections2022 #manipurwithcongress https://t.co/Qi9mg7iIjD",1
"рдЧрдардмрдиреНрдзрдирд▓реЗ рд╣рд╛рд░реНрдиреЗ рдХрд╛рд░рдг
рез- рдХрдордЬреЛрд░ рдореБрджреНрджрд╛,
реи-рдмрд▓рд┐рдпрд╛рдХреЛ рдмрд┐рд░реБрджреНрдз рдЧрдардмрдиреНрдзрди рдордиреЛрд╡реИрдЬреНрдЮрд╛рдирд┐рдХ рд╣рд╛рд░
рей- рдмрд╣реБ рджрд▓ рдмрд╣реБ рдиреЗрддрд╛ рдмрд╣реБ рд╕реНрд╡рд╛рд░реНрде 
рек- рдЖрдкрд╛рд╕реА рд▓рд╛рдкреНрдкрд╛ рдорддрджрд╛рдирдорд╛ рд▓реЛрдкреНрдкрд╛ 
рел- рджрд▓рдЧрдд,рдЧреБрдЯрдЧрдд,рд╡реНрдпрд╛рдХреНрддрд┐рдЧрдд,рдЕрдиреНрддрд░рдШрд╛рдд
рем-  рдорддрджрд╛рди рдирдЧрд░реНрдиреЗ рд╕рдВрдЦреНрдпрд╛ рдзреЗрд░реИ рд╣реБрдирд╕рдХреНрдЫ 
рен- рдзреЗрд░реИ рднреЛрдЯ рд░рджреНрдж рд╣реБрдиреНрдЫрдиреН 
рео-рдПрдорд╛рд▓реЗ рд░рд╛рдкреНрд░рдкрд╛рдорд╛ рдпреЛ рд╕рдорд╕реНрдпрд╛ рдЫреИрдиред",1
"@kpsharmaoli рдИрд╕ рдЪрд╛рдИрдпреЛ рдПрдорд╛рд▓реЗ, рддрд┐рдореНрд░реИ рд╣рдардХреЛ рдХрд╛рд░рдгрд▓реЗ рджреЗрд╢ рддрд╣рд╕ рдирд╣рд╕ рднреЛ, рдиреЗрдкрд╛рд▓рдХреЛ рдЛрдг рдмрдвреЗрд░ рдЖрдХрд╛рд╕ рдЫреЛрдпреЛ, рдЖрдлреНрдиреИ рд╕рд░рдХрд╛рд░ рдЫрдБрджрд╛рдЫрдБрджреИ рд╡рд┐рдШрдЯрди рдЧрд░реНрди рдЙрджреНрджрддрд▓рд╛рдИ рдЕрдЭреИ рддрд┐рдореНрд░реИ рд╕рд░рдХрд╛рд░? рдпреА рдЦрд╛рдК 
#NoNotAgain ЁЯСОя╕ПЁЯСОя╕ПЁЯСОя╕ПЁЯШб",1
"рд╕рдорд╛рдЬрд╡рд╛рджреА рдкрд╛рд░реНрдЯреА рд╕рдорд░реНрдердХ рдЕрд░рд╢рдж рдЖрдмрд┐рдж рдХрд╛ рдмреАрдЬреЗрдкреА рдкрд░ рдирд┐рд╢рд╛рдирд╛, рдмреЛрд▓реЗ ""рдпреЗ рдкреВрд░реА рддрд░рд╣ рд╕реЗ рдЭреВрда рдмреЛрд▓рдиреЗ рд╡рд╛рд▓реЗ рд▓реЛрдЧ рд╣реИрдВ""
рд╕реБрдирд┐рдП @PremShuklaBJP рдХрд╛ рдЬрд╡рд╛рдм 
#Dangal #Elections #UttarPradeshElections2022 | @chitraaum https://t.co/71WTgWbVj0",1
#рд╕рдкрд╛_рдорддрд▓рдм_рдЧреБрдВрдбрд╛рдЧрд░реНрджреА #рд╕рдкрд╛_рдорддрд▓рдм_рддреБрд╖реНрдЯрд┐рдХрд░рдг #UttarPradesh #UttarPradeshElections #UttarPradeshElections2022 https://t.co/p3Aal0jrDi,1
@arunshah240 INGo рдХреЛ рдкреИрд╕рд╛рд▓реЗ рдкрд╛рд▓рд┐рдПрдХреЛ рдПрдорд╛рд▓реЗ рднрдиреНрдиреЗ рдкрд╛рд░реНрдЯреА рдирд╛рдореЗрдЯ рдирднрдПрд╕рдореНрдо рджреЗрд╢ рдЙрдБрднреЛ рдирд▓рд╛рдЧреНрдиреЗ рднреЛред рд╣реЗрд░реМрдВ рдЕрдмрдХреЛ рд╕рдВрд╕рджреАрдп рдЪреБрдирд╛рдмрдорд╛ рдПрдорд╛рд▓реЗ рдмрдврд╛рд░рд┐рдиреЗ рд╕рдВрдХреЗрдд рджреЗрдЦрд┐рдпреЛред,1
"рдЖрдк рдиреЗрддрд╛ рдкрдВрдЬрд╛рдм рдХреЛ рд▓реВрдЯрдирд╛ рдЪрд╛рд╣рддреЗ рд╣реИрдВ : рдЪрд░рдгрдЬреАрдд рд╕рд┐рдВрд╣ рдЪрдиреНрдиреА

#CharanjitSinghChanni #AAP #PunjabElections2022 
https://t.co/C2auJUDWXr",1
"рдХреБрд╢реАрдирдЧрд░ рдХреЗ рд░рд╛рдордХреЛрд▓рд╛ рд╡рд┐рдзрд╛рдирд╕рднрд╛  рд╕реАрдЯ рд╕реЗ рднрд╛рдЬрдкрд╛ рдкреНрд░рддреНрдпрд╛рд╢реА рд╡рд┐рдирдп рдЧреЛрдВрдбрд╝ рдХреЛ MLA рдХрд╛ рдлреВрд▓ рдлрд╛рд░реНрдо рднреА рдирд╣реА рдкрддрд╛ рд╣реИ ЁЯджред ЁЯШВЁЯШВ
рдкреНрд░рддреНрдпрд╛рд╢реА рдХреЛ рд╣рдХрд▓рд╛рддрд╛ рджреЗрдЦ рд╕рдорд░реНрдердХ рдЬрдп рд╢реНрд░реАрд░рд╛рдо рдХрд╛ рдирд╛рд░рд╛ рд▓рдЧрд╛рдиреЗ рд▓рдЧреЗ редЁЯЪйЁЯЪй
#PankajSinghwinningNoida #CoalCrisis #рднрд╛рдЬрдкрд╛_рдЬрд╛_рд░рд╣реА_рд╣реИ #UttarPradeshElections2022 
#BJPAgain #ManushiChhillar https://t.co/SPL1rUz5bi",1
@aajtak @iSamarthS рдареАрдХ рд╣реИ @yadavakhilesh рдЖрдк @BJP4India рдХреЗ рд╕рд╛рде рдорд┐рд▓рдХрд░ @INCIndia рдХреЛ #UttarPradeshElections2022 рдореЗрдВ рд╕рдмрдХ рд╕рд┐рдЦрд╛ рд╕рдХрддреЗ рд╣реИрдВ ЁЯд╖ЁЯП╗тАНтЩВя╕П,1
рдирд┐рд░реНрд╡рд╛рдЪрди рдЖрдпреЛрдЧрд▓реЗ рдорддрдкрддреНрд░ рдмрд▓рд┐рдпреЛ рд░ рдирдЪреНрдпрд╛рддрд┐рдиреЗ рдмрдирд╛рдЙрдиреБ рдкрд░реНтАНрдпреЛредрдЕрдЭ рднрд░рддрдкреБрд░рдорд╛ рдд рдорддрдЧрдгрдирд╛ рд╕реНрдерд▓рдорд╛ рддрд╛рд░рдЬрд╛рд▓реАрд▓реЗ рдШреЗрд░реЗрд░ рд╕рд┐рд╕рд┐ рдХреНрдпрд╛рдореЗрд░рд╛ рдиреИ рд░рд╛рдЦреНрдиреБ рдкрд░реЗрдкрдЫрд┐ рдорд╛рдУрд╡рд╛рджреА рд░ рдкреНрд░рдЪрдгреНрдбрд▓рд╛рдИ рдпреЛ рднрдиреНрджрд╛ рдареВрд▓реЛ рдЭрд╛рдкрдб рд╣рд╛рдирд┐рд░рд╣рдиреБ рдкрд░реНрд▓рд╛ рд░?,1
"резреж рдорд╛рд░реНрдЪ
#рднрд╛рдЬрдкрд╛ рд╕рд╛рдл
#ElectionCommissionOfIndia #Election2022 #UttarPradeshElections2022 #Uttarakhand",1
"""рдирд┐рд░реНрд╡рд╛рдЪрди рдЖрдпреЛрдЧрдХреЛ рдирд╛рд▓рд╛рдпрдХреА : рдЪрд╛рд░ рдЬрдирд╛ рдЙрдореНрдореЗрджрд╡рд╛рд░рдХрд╛ рд▓рд╛рдЧрд┐ ремрек рдЪрд┐рд╣реНрдирдХреЛ рдорддрдкрддреНрд░ рдХрд┐рди?"" https://t.co/5IKbfWHzjJ",1
рд╕рддреНрддрд╛рд░реБрдв рджрд▓рдХреЛ рдЪреБрдирд╛рд╡реА рдЧрдардмрдиреНрдзрди рдирд┐рд░реНрд╡рд╛рдЪрдирдХреИ тАШрдордЬрд╛рдХтАЩ : рд░рд╛рдЬреЗрдиреНрджреНрд░ рдорд╣рддреЛ https://t.co/48vxw9nw0q,1
"#ManipurElections2022 : рд╡реЛрдЯрд┐рдВрдЧ рд╕реЗ рдкрд╣рд▓реЗ рдХрд╛рдВрдЧреНрд░реЗрд╕ рдХрд╛рд░реНрдпрдХрд░реНрддрд╛ рдиреЗ #BJP рд╡рд░реНрдХрд░ рдХреА рдЧреЛрд▓реАрдорд╛рд░ рдХреА рд╣рддреНрдпрд╛

https://t.co/Ily3im5SPL

#IndiaAheadHindi #Murder #CongressWorker",1
"рдореБрд╕рд▓рдорд╛рди рд╕рдорд╛рдЬ рдХреЗ рдирд╣реАрдВ рдХрд╛рдВрдЧреНрд░реЗрд╕ рдХреЗ рд▓реЛрдЧ рд╣рд┐рдЬрд╛рдм рдкрд░ рдХрд╛рдо рдХрд░ рд░рд╣реЗ рд╣реИрдВ-рдЕрд╕рдо рдореБрдЦреНрдпрдордВрддреНрд░реА рд╣рд┐рдордВрддрд╛ рдмрд┐рд╕реНрд╡рд╛ рд╕рд░рдорд╛
@INCUttarakhand
@BJP4UK
@pushkardhami
@harishrawatcmuk
@JoshiPralhad
#UttarakhandElections2022",1
"@ArvindKejriwal рдЬрдм рд▓реЛрдЧреЛрдВ рдХреЛ рд╢рд░рд╛рдм рдХреЗ рдареЗрдХреЗ рдХреЗ рдЦрд┐рд▓рд╛рдл рд╣реИрдВ рддреЛ рдЖрдк рдХреНрдпреЛрдВ рд▓реЛрдЧреЛрдВ рдХреЗ рд╡рд┐рд░реБрджреНрдз рд╣реИ ? 
рдХреНрдпрд╛ рдорд┐рд▓ рд░рд╣рд╛ рд╣реИ рдЖрдкрдХреЛ рдареЗрдХреЗрджрд╛рд░ рд╕реЗ ? 
рд╕реНрдХреВрд▓ - 0 , рд╢рд░рд╛рдм рдХреЗ рдареЗрдХреЗ - 850

#Delhi #PunjabElections #GoaElections2022 https://t.co/Xv1BLkpZaV",1
"рдПрдорд╛рд▓реЗ рд╣рд╛рдореНрд░реЛ рджреБрд╢реНрдорди рд╣реЛ, рдорд╛рдУрд╡рд╛рджреА рд╣реЛрдЗрди : рдкреМрдбреЗрд▓ (рднрд┐рдбрд┐рдУ) https://t.co/MxiHmWmA3y",1
"рдиреЗрдкрд╛рд▓ рдХрд╛рдЩреНрдЧреНрд░реЗрд╕ рдкрд╛рд░реНрдЯреА рдорд╛рдУрд╡рд╛рджреА рдПрд╕рдореЛрд░реНрдЪрд╛ рд╕реНрд╡рд╛рд░реНрдердмрд╛рдж !
рднреЛрдЯ рд╣рд╛рд▓реМ рд╕реБрд░реНрдпрдорд╛, рдиреЗрдХрдкрд╛ рдПрдорд╛рд▓реЗ рдЬрд┐рдиреНрджрд╛рд╡рд╛рдж !! https://t.co/vYMnqTPLTr",1
"рдЖрдо рдЖрджрдореА рдкрд╛рд░реНрдЯреА рдЖрдкрдХреЗ рд░рд╛рдЬреНрдп рдХреЛ рдЖрдо рдмрдирд╛ рджреЗрдЧрд╛ .!

рд╕рд╛рд╡рдзрд╛рди рд░рд╣реЗ , рд╕рддрд░реНрдХ рд░рд╣реЗ.! #UttarakhandElections2022 https://t.co/AGKm1v0Qqy",1
"#ManipurElections2022 

Superiority рддреЛ рд╣рд┐рдВрджреБрд╕реНрддрд╛рди рдореЗрдВ рдмрд╕ рдЗрдЯрд╛рд▓рд┐рдпрди рд▓реЛрдЧреЛрдВ рдХреА рдмрдЪреА рд╣реИ
рдФрд░ рдЦреБрдж рдХрд╛рдВрдЧреНрд░реЗрд╕ рдореЗрдВ рдРрд╕рд╛ рдХреМрди рдмрдЪрд╛ рд╣реИ рдЬрд┐рд╕рдХреА respect рд╣реЛрддреА рд╣реИ?

рдЬрдм рддрдХ рдЧрд╛рдБрдзреА рдХреА рд▓рд╛рд╢ рдореЗрдВ рдПрдХрд╛рдз рдмреЛрдЯреА рдмрдЪреА рд╣реИ рддрднреА рддрдХ рдХрд╛рдВрдЧреНрд░реЗрд╕ рднреА рдмрдЪреА рд╣реИ

https://t.co/lLDXKMgGnx",1
"рд╕реБрдирд╛ рд╣реИ рдкрдВрдЬрд╛рдм рдореЗрдВ ""рд╕рд╛рд╣рдм"" рдХрд╛ рдЦрд╛рддрд╛ рдЦреБрд▓рдирд╛ рдореБрд╢реНрдХрд┐рд▓ рд╣реИрдВ ? #PunjabElections2022",1
"@sakshijoshii рдорд╛рддрд╛ рдЬреА рдХреЛ рднреА рдкрддрд╛ рдЪрд▓ рдЪреБрдХрд╛ рд╣реИ, рдЖрдЬрдХрд▓ рдХреЗ рдЧреЛрджреА рдореАрдбрд┐рдпрд╛ рдХреЗ рдмрд╛рд░реЗ, рдкрддрд╛ рдирд╣реАрдВ рдЕрдВрдзрднрдХреНрддреЛрдВ рдХрд╛ рдХреНрдпрд╛ рд╣реЛрдЧрд╛ ЁЯд╖ЁЯП╗тАНтЩВя╕П
#UttarPradeshElections2022 #UttarakhandElections2022 #UttarPradeshElections",1
рдирдореЛрдмреБрджреНрдз рдирдЧрд░рдкрд╛рд▓рд┐рдХрд╛ рд╡рдбрд╛ рдирдВ рел рдорд╛ рдиреЗрдкрд╛рд▓реА рдХрд╛рдБрдЧреНрд░реЗрд╕ рдХрд╛ рдЙрдореЗрджрд╡рд╛рд░ рд╕реБрд░реЗ рддрд╛рдорд╛рдЩ рд╡рд┐рдЬрдпрд┐ред,1
"@sudeepkhaniya рд░рд╛рдЬрдиреАрддрд┐рдХреЛ рдирд╛рдо рдорд╛рддреНрд░реИ рдкрд░рд┐рд╡рд░реНрддрди рднреЛ рдиреЗрдкрд╛рд▓рдорд╛ ! рд╕рдВрд╕реНрдХрд╛рд░ рд░ рд╡реНрдпрд╡рд╣рд╛рд░ рд░рд╛рдгрд╛рдХрд╛рд▓рд┐рдиреИ рдЫ рд░рд╛рдЬрдиреАрддрд┐ рд░ рдХрд░реНрдордЪрд╛рд░реАрддрдиреНрддреНрд░рдорд╛ ! рдЬрд╕реНрддреИрдГ- рдкреАрд░реНрдХреЗ рд╕рд▓рд╛рдореА рд▓рд┐рдиреЗ, рдЯреАрдХрд╛ рдмрдХреНрд╕рдиреЗ, рд╕рд╡рд╛рд░реА рдЪрд▓рд╛рдЙрдиреЗ ,рд╡рд╛рд░реНрджрд▓реАрдорд╛ рджрд░реНрд╢рди рджрд┐рдиреЗ, рдШреБрд╕ рдирджрд┐рдИ рд░рд╛рдЬрд╢реНрд╡ рддреАрд░реНрди рдирд╕рдХрд┐рдиреЗ,#NoNotAgain рднрдиреНрджрд╛, рдереБрдиреНрдЫреБ рддрд▓рд╛рдИ рднрдиреНрдиреЗтАж. рдЕрд░реВ рдд рдХрддреА рдХрддреА рдЫрдиреН рдпрд╕реНрддрд╛ рдЙрджрд╛рд╣рд░рдг!",2
"80 рд░реВрдкрдпреЗ рдореЗрдВ рдкреЗрдЯреНрд░реЛрд▓! рд░рд╛рдЬрд╕реНрдерд╛рди рд╡рд╛рд▓реЛрдВ рддреБрдореНрд╣рд╛рд░рд╛ рддреЛ рдЪреБ&amp;рдпрд╛ рдХрдЯ рдЧрдпрд╛редЁЯдгЁЯдг
#GoaElections2022 https://t.co/9v9XNi8nJ3",2
"рдЕрдм рдХреЛ рдЪреБрдирд╛рд╡рдорд╛ рдмреБрдврд╛ рдЦрд╛рдбрд╛ рдиреЗрддрд╛  рдмрд╣рд┐рд╖реНрдХрд╛рд░
#nonotagain",2
рдЪреБрдирд╛рд╡ рдЖрдП рдкрдЫрд┐ рдЧрд╛рдЙрдБ рдорд╛ рдмрд▓рд╛рддреНрдХрд╛рд░рд┐ рд╣рддреНрдпрд╛рд░рд╛ рд▓реБрддреЗрд░рд╛ рдардЧ рд╣рд░реБ рд▓реЗ рдЬрд╛рдЧрд┐рд░ рдкрд╛рдПрдЫ рд░рд╛рдЧрд╛ рдХрд╛ рдорд╛рд╕реБ рд░ рдмрд┐рд╕рд╛рдХреНрдд рд░рдХреНрд╕реА рджрд┐рдП рдкрдЫрд┐ рдХрд╛рдо рдЧрд░реНрди рд╣реЛрдЗрди рд▓реБрддреНрди рдЬрд╛рджреИрдЫ рднрдиреЗрд░ рднреЛрдд рдорд╛рдЧреНрджреИрдЫ рдХрд╣рд┐рд▓реЗ рдмреБрдЭреНрдЫ рд╣реЛрд▓рд╛ рдиреЗрдкрд╛рд▓реА рд▓реЗ,2
"2022 рднреА рд╡реИрд╕рд╛ рд╣реА рдЬрд╛рдиреЗ рд╡рд╛рд▓рд╛ рд╣реИ рдмреЗрдЪрд╛рд░реА рдЕрдВрдЬрдирд╛ рдХрд╛
рд▓реЛ рдлрд┐рд░ рдПрдХ рдзрдорд╛рдХрд╛ рд╣реЛ рдЧрдпрд╛. .

#UttarakhandElections2022
#UttarPradeshElections
#PunjabElections2022
https://t.co/omI7V8dedp",2
"рд╕рд░рдХрд╛рд░ рдХреЗ рдкреНрд░рд╡рдЪрди рдореЗрдВ рдирд╛ рдЖрдПрдБ, рдпреВрдкреА рдореЗрдВ рдЕрднреА рдЪреБрдирд╛рд╡ рддрдХ рд░рд╣реЗрдЧрд╛ рд╣рд┐рдВрджреВ-рдореБрд╕реНрд▓рд┐рдо рдФрд░ рдЬрд┐рдиреНрдирд╛ рдХрд╛ рднреВрддрдГ #RakeshTikait 

#UPElections2022 #PunjabElection2022 #UttrakhandElection2022 #GoaElections2022 #ManipurElections2022",2
"рдордВрд╕рд┐рд░ рек рдЧрддреЗ рдмреБрдврд╛рд╣рд░реБрдмрд╛рдЯ рдЫреБрдЯрдХрд╛рд░рд╛ рдкрд╛рдЙрди рдкрд░реНрдЫред
#nonotagain",2
"@SupriyaShrinate рд╕рд┐рдВрдЧрд░ рд╕рд┐рджреНрдзреВ рдореВрд╕реЗрд╡рд╛рд▓рд╛ тАУ рдХрдЯреНрдЯрд░ рднрд┐рдВрдбрд░рд╛рд╡рд╛рд▓реЗ рд╕рдорд░реНрдердХ рдФрд░ рдЦрд╛рд▓рд┐рд╕реНрддрд╛рдиреА рдкрд░рд╕реНрдд рдЖрдЬ рдХрд╛рдВрдЧреНрд░реЗрд╕ рдореЗрдВ рд╢рд╛рдорд┐рд▓ рд╣реБрдЖ рд╣реИ ЁЯШб

рдФрд░ рдХреБрдЫ рдкреВрдЫрдирд╛ рдмрд╛рдХрд╝реА рд╣реИ ?
#PunjabElections2022 
#PunjabCongressfail 
#CongressMukTBharat 
#PunjabElections",2
"#NewsAlert | рдЧреГрд╣ рдордВрддреНрд░реА @AmitShah рдиреЗ #Goa рдореЗрдВ рдХрд╣рд╛- ' рдЬрдм рдЬрдореНрдореВ-рдХрд╢реНрдореАрд░ рд╕реЗ рдЕрдиреБрдЪреНрдЫреЗрдж 370 рдХреЛ рд╣рдЯрд╛рдиреЗ рдХрд╛ рдмрд┐рд▓ рд╕рдВрд╕рдж рдореЗрдВ рдкреЗрд╢ рдХрд┐рдпрд╛ рдЧрдпрд╛, рддреЛ рд╡рд┐рдкрдХреНрд╖ рдХреЗ рд▓реЛрдЧ рдХрд╣рддреЗ рдереЗ рдХрд┐ рдХрд╢реНрдореАрд░ рдореЗрдВ рдЦреВрди рдХреА рдирджрд┐рдпрд╛рдВ рдмрд╣реЗрдВрдЧреАред рд▓реЗрдХрд┐рди рдкрддреНрдерд░ рддреЛ рдЫреЛрдбрд╝реЛ, рдХрд┐рд╕реА рдХреА рдХрдВрдХрдбрд╝ рдорд╛рд░рдиреЗ рддрдХ рдХреА рд╣рд┐рдореНрдордд рдирд╣реАрдВ рд╣реБрдИ' 

#GoaElections2022 #Politics https://t.co/rEvdQxWK5k",2
"рдЧрд░реНрднрд╡рддреА рдорд╣рд┐рд▓рд╛рд▓рд╛рдИ рд╕рдореЗрдд рдлрдХрд╛рдЗрдлреБрд▓рд╛рдИ рдЭрдиреНрдбрд╛ рдердорд╛рдПрд░ рдЬреБрд▓реБрд╕рдорд╛ рд╣рд┐рдбрд╛рд▓реЗрдЫрди рддреНрдпрд╣реА рднрдПрд░рдд рд╣реЛрд▓рд╛ рдЧрд░реНрднрдмрд╛рдЯреИ рдкрд╛рд░реНрдЯреАрдХреЛ рднрдПрд░ рдЬрдиреНрдо рд▓рд┐рдиреНрдЫрди
рддрд┐ рдорд╣рд┐рд▓рд╛ рд░ рд╕рд┐рд╕реБрдХреЛ рд╕реНрд╡рд╛рд╕реНрдереНрдп рднрдиреНрджрд╛ рдЙрдореЗрджрд╛рд░рдХреЛ рдЬреБрд▓реБрд╕рдХреЛ рдорд╣рддреНрд╡рдЫ

рдпреЛ рдпреМрдЯрд╛ рдиреЗрдкрд╛рд▓реА рд░рд╛рдЬрдиреАрддрд┐рдХреЛ рдирд╛рдордорд╛ рднрджреНрджрд╛ рдордЬрд╛рдХ рднрдиреНрджрд╛ рдХреЗ рд╣реЛрд▓рд╛рд░ рд░рд╛рдЬрдиреАрддрд┐ рдЧрд░реНрдиреЗрдд рддреНрдпрд╕реНрддреИ рд╣реБрди рдирд╛рдЧрд░рд┐рдХ рд╕рдЪреЗрдд рд╣реБрдиреЗ рдХрд╣рд┐рд▓реЗ рд╣реЛ! https://t.co/rS6ukFu5ep",2
"рдЬреЛ рднреА рд╕рд╛рдереА рднрдЧрд╡рд╛рдзрд╛рд░реА рд╣рдореЗ рдлреЙрд▓реЛ рдХрд░рддреЗ рд╣реИрдВ рдХреГрдкрдпрд╛ рд╡реЛрдЯ рдбрд╛рд▓рдиреЗ рдХрд╛ рдХрд╖реНрдЯ (рдХрдИ рд▓реЛрдЧреЛ рдХреЛ рдХрд╖реНрдЯ рд▓рдЧ рд░рд╣рд╛ рд╣реИ рдЙрдиреНрд╣реА рдХреЗ рд▓рд┐рдП рд╣реИ) рдЕрд╡рд╢реНрдп рдХрд░реЗред рдХрд╛рдо рд╕реЗ рдЫреБрдЯреНрдЯреА рд▓реЗрдиреА рдкрдбрд╝реА рддреЛ рд▓реЗ рд▓реЛ рдкрд░ рд╡реЛрдЯ рдЕрд╡рд╢реНрдп рдбрд╛рд▓реЛред рдмрдбрд╝реА рдХреГрдкрд╛ рд╣реЛрдЧреА рдЖрдк, рд╣рдо рдФрд░ рджреЗрд╢ рдкрд░ред ЁЯЩПЁЯЩП
#GoaElections2022 
#UttarPradeshElections2022
#UttarPradeshElections",2
"рдХреБрдХреБрд░рдХреЛ рдкреБрдЪреНрдЫрд░ рдмрд╛рд╣реНрд░ рдмрд░реНрд╖ рдвреБрдЩреНрдЧреНрд░реЛрдорд╛ рд░рд╛рдЦреЗрдкрдирд┐ рдЬрд╕реНрддрд╛рдХреЛрддрд╕реНрддреИ рднрдиреНрдереЗ,рдпрд╕рдорд╛ рдХреБрдХреБрд░ рдЪрд╛рд╣рд┐рдБ рдорддрджрд╛рдирдХреЛ рджрд┐рди рдкрдирд┐ рджрдЩреНрдЧ рдЧрд░реНрдиреЗ рдиреЗрдкрд╛рд▓реА рднреЗрдбрд╛ рдЬрдирддрд╛рд╣рд░реБ рд╣реБрдиреН",2
"рдЬреЛ рд░рд╛рдо рдХреЛ рд▓рд╛рдпреЗ рд╣реИ рд╣рдо рдЙрдирдХреЛ рд▓рд╛рдпреЗрдВрдЧреЗ,
UP рдореЗрдВ рдлрд┐рд░рд╕реЗ рд╣рдо рднрдЧрд╡рд╛ рд▓рд╣рд░рд╛рдпреЗрдВрдЧреЗрее 

#YogiHaiUPyogi
#UttarPradeshElections2022",2
"рджреЛ рдЧрдЬрд╝ рдХреА рджреВрд░реА... 

рдЧреБрдЬрд░рд╛рддреА рднрд╛рд╖рд╛ рд╕реЗ... рдпрд╛ рдЧреБрдЬрд░рд╛рддреАрдУ рд╕реЗ.. 

@INCGujarat 

@INCIndia 

#Gujarat 

#UttarPradeshElections2022 https://t.co/jxCWOaD34I",2
рд╣рд┐рдиреНрджреВ рд╡реЛрдЯрд░ рдХреЛ рдмрд╛рдВрдЯрдирд╛' рдХреНрдпрд╛ рдпрд╣ рд╕реЗрдХреБрд▓рд░рд┐рдЬреНрдо рд╣реИ? рдХреНрдпрд╛ рдпрд╣ рдЖрдЪрд╛рд░ рдЪреБрдирд╛рд╡ рд╕рдВрд╣рд┐рддрд╛ рдХрд╛ рдЙрд▓реНрд▓рдВрдШрди рдирд╣реАрдВ рд╣реИ? #TMC #GoaElections2022 https://t.co/OSEP8j9197,2
рд╕рддреНрддрд╛ рд░ рд╢рдХреНрддрд┐ рдХреЛ рдЖрдЩ рдЫреЛрдкреНрджрд╛рдЫреЛрдкреНрджреИ рдиреЗрдкрд╛рд▓реА рдорд┐рдбрд┐рдпрд╛ рдЖрдлреИ рдмрд╕реНрддреНрд░рд╣рд┐рди рднрдПрдХреЛ рдерд╛рд╣ рдирдкрд╛рдП рдЭреИ рдЧрд░рд┐ рд░рд╣реЗрдЫрди рдЕрдЭреИред,2
@kamal_chaurasia @ArvindKejriwal #UttarPradeshElections2022 рд╡рд╛рд▓реЗ рдШрдВрдЯрд╛ рдмрдЬрд╛рдиреЗ рдкреИрджрд╛ рд╣реБрдП рд╣реЗ рддреЛ рдХреЛрдИ рдХреНрдпрд╛ рдХрд░реЗрдЧрд╛,2
@bahunnaran рд░реНтАНрдпрд╛рдкрд░ рдиреЗрдкрд╛рд▓реА рдирд╛рдЧрд░рд┐рдХ рд╣реЛ рдЭреЛрд▓реЗ рд╣реЛрдЗрди !,2
"рдкреВрд░реНрд╡ рд╕реЗрдирд╛рдзреНрдпрдХреНрд╖ рдЬрдирд░рд▓ рдЬреЗ рдЬреЗ рд╕рд┐рдВрд╣ рдЬреА рдиреЗ рдЖрдЬ рдЪрдВрдбреАрдЧрдврд╝ рдореЗрдВ рднрд╛рдЬрдкрд╛ рдЬреЙрдЗрди рдХрд░ рд░рд╛рдЬрдиреАрддрд┐ рдХреЗ рдорд╛рдзреНрдпрдо рд╕реЗ рд▓рд┐рдпрд╛ рд╕реЗрд╡рд╛ рдХрд╛ рд╕рдВрдХрд▓реНрдкред

рдПрдХ рддрд░рдл @BJP4India рд╣реИ рдЬрд┐рд╕рдореЗрдВ рд░рд╛рд╖реНрдЯреНрд░рднрдХреНрдд рд╢рд╛рдорд┐рд▓ рд╣реЛрддреЗ рд╣реИрдВ рддреЛ рджреВрд╕рд░реА рддрд░рдл рджреВрд╕рд░реА рдкрд╛рд░реНрдЯрд┐рдпрд╛рдВ рдЬрд┐рд╕рдореЗрдВ рджреЗрд╢рджреНрд░реЛрд╣реА

рдЬрдп рд╢реНрд░реА рдХреГрд╖реНрдг

#PunjabWithBJP 
#PunjabElections2022 https://t.co/2T36ey00Uj",2
"рдЖрдЬ рд╡реЛрдЯ рд╕реЗ рдХрд░реЛ рдХрдорд╛рд▓ ..
рдЦрд╛рд▓рд┐рд╕реНрддрд╛рдиреА,рдЬрд┐рдиреНрдирд╛,рдЖрддрдВрдХрд╡рд╛рджреА, рд╕рдорд░реНрдерди рд╡рд╛рд▓реЛрдВ рдХрд╛ рдореБрдБрд╣ рдХрд░ рджреЛ рд▓рд╛рд▓ред

#PunjabElections2022
#UPElection2022",2
"рдЖрдЬ рдЪреБрдирд╛рд╡ рд╣реИ , рдФрд░ 10 рдХреЛ рд░рд┐рдЬрд▓реНрдЯ рдЖрдирд╛ рд╣реИ

рднрдЧрд╡рд╛ рд▓рд╣рд░рд╛рдирд╛ рдЪрд╛рд╣рд┐рдП , рдЗрд╕рд▓рд┐рдП Vote For Bjp4up 
рдЖрдЬ рдЪреБрдирд╛рд╡ рдХрд╛ рдЕрдВрддрд┐рдо рдЪрд░рдг рд╣реИред
рдХреИрд░рд╛рдирд╛, рдХрд╛рд╢реНрдореАрд░, рдЧреЛрдзрд░рд╛ рдФрд░ рдореБрдЬрдлреНрдлрд░рдирдЧрд░ рдХреЗ рд╕рд╛рде рд╕рд╛рде рд╣рд░реНрд╖рд╛ рдХреЛ рдпрд╛рдж рдХрд░рдХреЗ рд╕рд┐рд░реНрдл рд╕рдирд╛рддрди
рдзрд░реНрдо рдХреА рд░рдХреНрд╖рд╛ рд╣реЗрддреБ рдмрдЯрди рджрдмрд╛рдирд╛редЁЯЗоЁЯЗ│ЁЯЩПЁЯТР
ЁЯЪйтЫ│рдЬрдп рдЬрдп рд╢реНрд░реА рд░рд╛рдо тЫ│ЁЯЪй
#UttarPradeshElections2022 https://t.co/Fa5842fF1U",2
"рдордВрд╕рд┐рд░ рек рдЧрддреЗ рд╕рдореНрдо рдЭреЛрд▓реЗ рдмрд╣рд┐рд╕реНрдХрд╛рд░ рдЕрднрд┐рдпрд╛рди рд╕реБрд░реБ рдЧрд░реМрдВред рдЭреЛрд▓реЗ рдкреЛрд╕реНрдЯ, рдХрдореЗрдиреНрдЯ рдЧрд░реНрдиреЗ рдЬрддрд┐ рд╕рдмреИрд▓рд╛рдЗ рдмрд╣рд┐рд╕реНрдХрд╛рд░ рдЧрд░реМред #nonotagain",2
рдмрд┐рдЬрдп рд╕рд░рд╛рдмрдЧреА рдХреЛ рдмрд┐рдЬреЛрдЧ ред рдЬрд╕рдкрд╛ рдХреЛ рд╢реЗрд░ рдПрдорд╛рд▓реЗ рдЖрдПрд╕реА рдмрд┐рд░рдЧрдВрдЬ рдмрд╛рд╕рд┐рд▓реЗ рдмрд┐рд░рд╛рд▓реЛ рдмрдирд╛рдИрджрд┐рдП ЁЯШЬЁЯШЬ,2
"рдпреВрдкреА рдореЗрдВ рдЧрдЬрд╡рд╛ рдП рд╣рд┐рдВрдж рдХрд╛ рд╕рдкрдирд╛ рдкреВрд░рд╛ рдирд╣реАрдВ рд╣реЛрдЧрд╛ - Cm Yogi Adityanath

#ElectionWithNN #NewsNationTV #UttarPradeshElections2022 #UttarakhandElections2022 #GoaElections2022 #GoVoteUP_Phase2   @myogiadityanath @BJP4UP https://t.co/Df1DU4pP1Z",2
@Ast_timilsena рджреБрдЗ рджрд┐рди рдШрд░рдЧрд╛рдЧрд╛рдЙрдорд╛ рдЧрдПрд░ рдЭреБрдард╛ рд╕рдкрдирд╛ рджреЗрдЦрд╛рдПрд░ рдкрдЯрдХ рдкрдЯрдХ рд╕рддреНрддрд╛рдорд╛ рдкреБрдЧреЗрдкрдЫрд┐ рднреНрд░рд╕реНрдЯрдЪрд╛рд░рдорд╛ рд░рдорд╛рдЙрдиреЗ рднреНрд░рд╕реНрдЯрдЪрд╛рд░реА рд╕рдореНрд░реНрдХреНрд╖рдХ рджреЗрд╢ рд░ рдЬрдирддрд╛рд▓рд╛рдИ рдЛрдг рдХреЛ рднрд╛рд░рд┐ рдмреЛрдХрд╛рдЙрдиреЗ рджрд▓рд╛рд▓ рд╣рд░реБрд▓рд╛рдЗ рдЕрдм #NoNotAgain  рднрдиреНрджрд╛ рдирд┐рд░реНрд╡рд╛рдЪрди рдЖрдпреЛрдЧрдХреЛ рдЪрд╛рдХрдорд╛ рдХрд┐рди рдЖрдЧреЛ рдмрд▓реНрдпрд╛ рд╣реЛрд▓рд╛ рд╣реИ !!,2
"@newborn122 @Madankkharel @Bhismak1962 @ParajuliKamal @SabitaDhimal @DharelLama @Prakash_officel @55Kthm @me_ubh @Krishna72952181 @GThapa25 @jHakash_S22 @ArpanSh06 @acharya_susma @hello_acharya @KamalBh12278882 рдЕрд╣рд┐рд▓реЗ рдХрд╛ рдмреБрдбрд╛ рд╣рд░реВ рд▓реЗ рджреЗрд╢, рдирд╛рдЧрд░рд┐рдХрддрд╛, рд╢реНрд░рдо, рдЬрд╡рд╛рдиреА, рдкрд╛рдиреА, рдЦреЛрд▓рд╛, рдирд╛рд▓рд╛ рд╕рдмреИ рдмреЗрдЪреЗрд░ рд╕рдХреНрдиреЗ рднрдПред рдЕрдм рд╕рдмреИ рд▓реЗ рдпреЛ рдЕрднрд┐рдпрд╛рди рд▓рд╛рдИ рдЖрдЧреЛ рдЬрд╕рд░реА рдлреИрд▓рд╛рдФрдБ рдиред
рд╣реБрдиреНрди?
#NoNotAgain
#PmUnder50 https://t.co/OrqxI2iVax",2
"рдиреЗрддрд╛рд╣рд░реБрд▓реЗ рдЙрд╣рд┐рд▓реЗ рднрдиреА рд╕рдХреНрдпреЛ ""рдЖрдлреНрдиреЛ рдЧрд╛рдЙрдБ рдЖрдлреИ рдмрдирд╛рдК "" рд░реИ рдкрдирд┐ рдХрд╛рд░реНрдпрдХрд░реНрддрд╛ рдЕрдЭреИ рдкрдирд┐ рд╣рд╛рдореНрд░реЛ рдиреЗрддрд╛рд▓реЗ рдЧрд╛рдЙрдБ рдШрд░ рдмрдирд╛рдЙрдЫ (рд╡рд┐рдХрд╛рд╕ рдЧрд░реНрдЫ) рднрдиреЗрд░ рднреЛрдЯ рдорд╛рдЧреНрджреИ рд╣рд┐рдбреНрджреИрдЫрдиреН ! рдЕрдирд┐ рд╣рд╛рдореА рд▓рд╛рдЯреЛ рдЬрдирддрд╛рд╣рд░реБ рдлреЗрд░реА рдкрдирд┐ рд╡рд┐рд╢реНрд╡рд╛рд╕ рдЧрд░реНрдЫреМ... ЁЯдг",2
"тАШрдЖрдЬ рднрд╛рд░рддреАрдп рдЬрдирддрд╛ рд╕рдорд╕реНрдпрд╛рд▓рд╛рдИ рд╕рдорд╕реНрдпрд╛рдХреЛ рд░реБрдкрдорд╛ рд╣реЛрдЗрди, рдпрд╛рдЪрдирд╛рдХреЛ рд░реБрдкрдорд╛ рдмреЛрд▓реНрдЫрдиреН, рд▓рд╛рдЧреНрдЫ рд╡рд┐рд░реЛрдзрдХреЛ рдирд╛рд░рд╛ рдкрдирд┐ рдирд╛рд░рд╛ рдирднрдИ рдЖрд░рддреА рд╣реЛтАЩ,  рд░рд╡реАрд╢ рдХреБрдорд╛рд░

рдареАрдХ рдпрд╕реНрддреИ рд╣рд╛рдореНрд░рд╛ рдиреЗрдкрд╛рд▓реА рдиреЗрддрд╛рд╣рд░реВ рдкрдирд┐ рдЪрд╛рд╣рдиреНрдЫрдиреН ред  
рд╣рд┐рдорд╛рд▓ рдорд┐рдбрд┐рдпрд╛ рдореЗрд▓рд╛рдорд╛ рд░рд╡реАрд╢  @ravishndtv  рдХрд╛реЗ рдореБрдЦреНрдп рдордиреНрддрд╡реНрдп рд╕реБрдиреНрдиреБрд╣рд╛реЗрд╕реН ред 
https://t.co/xZwuHuSAdX",2
"рдореБрд╕реЛ: рдиреЗрдкрд╛рд▓реА рдЬрдирддрд╛
рдмрд┐рд░рд╛рд▓реЛ: рдареВрд▓рд╛ рджрд▓рдХрд╛ рдиреЗрддрд╛

#NepalElections2022 #NoNotAgain",2
@anujhapli рдордиреНрддреНрд░реАрд▓реЗ рдлрд╛рд▓реЗрдХреЛ рд╣рдбреНрдбреА рд▓реБрдЫреНрди рд▓рд╛рдИ рдЖрддреБрд░ рдПрдХрд▓реЗ рдЕрд░реНрдХрд╛рдХреЛ рдЯрд╛рдЙрдХреЛ рдорд╛ рдХрд┐рдЪреНрджреИ рдиреЗрдкрд╛рд▓реА рднреЗрдбрд╛ рдЖрдо рдирд╛рдЧрд░рд┐рдХ рджреЗрдЦрд┐ рд▓рд┐рдПрд░ рдкрд╛рд░реНрдЯреАрдХрд╛ рдЭреЛрд▓реЗ рдХрд╛рд░реНрдпрдХрд░реНрддрд╛ рд╣рд░реБредЁЯЩДЁЯШПЁЯдгЁЯдгЁЯдн,2
